{
    "1733948617.9358306": {
        "start_blobs": 25,
        "start_foods": 100,
        "data": {
            "0": 25,
            "1": 25,
            "2": 25,
            "3": 25,
            "4": 29,
            "5": 31,
            "6": 32,
            "7": 32,
            "8": 37,
            "9": 34,
            "10": 33,
            "11": 32,
            "12": 36,
            "13": 41,
            "14": 42,
            "15": 42,
            "16": 38,
            "17": 43,
            "18": 45,
            "19": 43,
            "20": 45,
            "21": 46,
            "22": 46,
            "23": 51,
            "24": 51,
            "25": 55,
            "26": 55,
            "27": 57,
            "28": 59,
            "29": 57,
            "30": 66,
            "31": 70,
            "32": 74,
            "33": 75,
            "34": 75,
            "35": 79,
            "36": 84,
            "37": 92,
            "38": 100
        }
    },
    "1733948669.1675446": {
        "start_blobs": 25,
        "start_foods": 100,
        "data": {
            "0": 25,
            "1": 25,
            "2": 25,
            "3": 25,
            "4": 31,
            "5": 32,
            "6": 36,
            "7": 38,
            "8": 38,
            "9": 33,
            "10": 35,
            "11": 39,
            "12": 42,
            "13": 42,
            "14": 38,
            "15": 40,
            "16": 43,
            "17": 44,
            "18": 47,
            "19": 50,
            "20": 55,
            "21": 58,
            "22": 61,
            "23": 70,
            "24": 70,
            "25": 75,
            "26": 74,
            "27": 73,
            "28": 76,
            "29": 77,
            "30": 83,
            "31": 85,
            "32": 86,
            "33": 89,
            "34": 94,
            "35": 99,
            "36": 99
        }
    }
}