{
    "1733948617.9358306": {
        "start_blobs": 25,
        "start_foods": 100,
        "data": {
            "0": 25,
            "1": 25,
            "2": 25,
            "3": 25,
            "4": 29,
            "5": 31,
            "6": 32,
            "7": 32,
            "8": 37,
            "9": 34,
            "10": 33,
            "11": 32,
            "12": 36,
            "13": 41,
            "14": 42,
            "15": 42,
            "16": 38,
            "17": 43,
            "18": 45,
            "19": 43,
            "20": 45,
            "21": 46,
            "22": 46,
            "23": 51,
            "24": 51,
            "25": 55,
            "26": 55,
            "27": 57,
            "28": 59,
            "29": 57,
            "30": 66,
            "31": 70,
            "32": 74,
            "33": 75,
            "34": 75,
            "35": 79,
            "36": 84,
            "37": 92,
            "38": 100
        }
    },
    "1733948669.1675446": {
        "start_blobs": 25,
        "start_foods": 100,
        "data": {
            "0": 25,
            "1": 25,
            "2": 25,
            "3": 25,
            "4": 31,
            "5": 32,
            "6": 36,
            "7": 38,
            "8": 38,
            "9": 33,
            "10": 35,
            "11": 39,
            "12": 42,
            "13": 42,
            "14": 38,
            "15": 40,
            "16": 43,
            "17": 44,
            "18": 47,
            "19": 50,
            "20": 55,
            "21": 58,
            "22": 61,
            "23": 70,
            "24": 70,
            "25": 75,
            "26": 74,
            "27": 73,
            "28": 76,
            "29": 77,
            "30": 83,
            "31": 85,
            "32": 86,
            "33": 89,
            "34": 94,
            "35": 99,
            "36": 99
        }
    },
    "1734371823.279474": {
        "start_blobs": 25,
        "start_foods": 100,
        "data": {
            "0": 25,
            "1": 25,
            "2": 25,
            "3": 25,
            "4": 28,
            "5": 30,
            "6": 31,
            "7": 33,
            "8": 36,
            "9": 37,
            "10": 36,
            "11": 39,
            "12": 41,
            "13": 40
        }
    },
    "1734371922.2290502": {
        "start_blobs": 25,
        "start_foods": 100,
        "data": {
            "0": 25,
            "1": 25,
            "2": 25,
            "3": 25,
            "4": 29,
            "5": 34,
            "6": 35,
            "7": 38,
            "8": 37,
            "9": 36,
            "10": 41,
            "11": 48,
            "12": 49,
            "13": 50,
            "14": 46,
            "15": 50,
            "16": 54,
            "17": 57,
            "18": 60,
            "19": 61,
            "20": 66,
            "21": 70,
            "22": 78,
            "23": 81,
            "24": 85,
            "25": 92,
            "26": 98,
            "27": 107,
            "28": 111,
            "29": 113,
            "30": 125,
            "31": 134,
            "32": 148,
            "33": 166,
            "34": 170,
            "35": 192,
            "36": 217,
            "37": 254,
            "38": 272,
            "39": 298,
            "40": 346,
            "41": 387
        }
    },
    "1734372492.85361": {
        "start_blobs": 25,
        "start_foods": 100,
        "data": {
            "0": 25,
            "1": 25,
            "2": 25,
            "3": 25,
            "4": 25,
            "5": 29,
            "6": 30,
            "7": 27,
            "8": 23,
            "9": 23,
            "10": 23,
            "11": 24,
            "12": 25,
            "13": 23,
            "14": 23,
            "15": 22,
            "16": 22,
            "17": 21,
            "18": 19,
            "19": 18,
            "20": 17,
            "21": 15,
            "22": 13,
            "23": 13,
            "24": 12,
            "25": 10,
            "26": 8,
            "27": 7,
            "28": 7,
            "29": 7,
            "30": 7,
            "31": 7,
            "32": 7,
            "33": 6,
            "34": 6,
            "35": 6,
            "36": 6,
            "37": 4,
            "38": 3,
            "39": 3,
            "40": 3
        }
    }
}